,Name,GradeDistribution,Color,Black,White,Yellow,z_thermo_raw
0,A5,"{'6B+': 5, '6C': 4, '6C+': 7, '7A': 9, '7A+': 7, '7B': 3, '7B+': 2, '7C': 1, '7C+': 3, '8A': 0, '8A+': 0, '8B': 0}",white,0,1,0,1
1,A9,"{'6B+': 2, '6C': 4, '6C+': 1, '7A': 2, '7A+': 7, '7B': 6, '7B+': 1, '7C': 2, '7C+': 1, '8A': 0, '8A+': 0, '8B': 0}",black,1,0,0,0 or 1
2,A10,"{'6B+': 0, '6C': 0, '6C+': 0, '7A': 0, '7A+': 0, '7B': 0, '7B+': 0, '7C': 0, '7C+': 2, '8A': 0, '8A+': 0, '8B': 0}",yellow,0,0,1,0 or 1
3,A11,"{'6B+': 0, '6C': 0, '6C+': 0, '7A': 0, '7A+': 0, '7B': 0, '7B+': 1, '7C': 0, '7C+': 0, '8A': 0, '8A+': 0, '8B': 0}",yellow,0,0,1,0 or 1
4,A12,"{'6B+': 0, '6C': 0, '6C+': 1, '7A': 1, '7A+': 3, '7B': 0, '7B+': 0, '7C': 0, '7C+': 1, '8A': 1, '8A+': 0, '8B': 0}",white,0,1,0,0 or 1
5,A13,"{'6B+': 0, '6C': 0, '6C+': 0, '7A': 0, '7A+': 1, '7B': 1, '7B+': 1, '7C': 0, '7C+': 0, '8A': 0, '8A+': 0, '8B': 0}",yellow,0,0,1,1 or 2
6,A14,"{'6B+': 3, '6C': 3, '6C+': 6, '7A': 4, '7A+': 4, '7B': 1, '7B+': 0, '7C': 0, '7C+': 1, '8A': 0, '8A+': 0, '8B': 0}",black,1,0,0,1 or 2
7,A15,"{'6B+': 0, '6C': 0, '6C+': 0, '7A': 0, '7A+': 0, '7B': 0, '7B+': 0, '7C': 0, '7C+': 1, '8A': 0, '8A+': 0, '8B': 0}",white,0,1,0,0 or 1
8,A16,"{'6B+': 0, '6C': 0, '6C+': 0, '7A': 0, '7A+': 0, '7B': 0, '7B+': 0, '7C': 0, '7C+': 1, '8A': 1, '8A+': 1, '8B': 0}",yellow,0,0,1,0 or 1
9,A18,"{'6B+': 3, '6C': 4, '6C+': 2, '7A': 8, '7A+': 7, '7B': 5, '7B+': 1, '7C': 5, '7C+': 2, '8A': 3, '8A+': 1, '8B': 0}",black,1,0,0,0 or 1
10,B3,"{'6B+': 4, '6C': 1, '6C+': 5, '7A': 2, '7A+': 3, '7B': 9, '7B+': 0, '7C': 1, '7C+': 2, '8A': 0, '8A+': 0, '8B': 0}",white,0,1,0,2
11,B4,"{'6B+': 0, '6C': 0, '6C+': 0, '7A': 5, '7A+': 7, '7B': 3, '7B+': 0, '7C': 5, '7C+': 5, '8A': 2, '8A+': 1, '8B': 0}",yellow,0,0,1,0 or 1
12,B6,"{'6B+': 0, '6C': 2, '6C+': 0, '7A': 1, '7A+': 4, '7B': 1, '7B+': 1, '7C': 3, '7C+': 1, '8A': 0, '8A+': 0, '8B': 0}",black,1,0,0,0 or 1
13,B7,"{'6B+': 2, '6C': 1, '6C+': 0, '7A': 0, '7A+': 1, '7B': 0, '7B+': 0, '7C': 0, '7C+': 1, '8A': 0, '8A+': 0, '8B': 0}",yellow,0,0,1,0 or 1
14,B8,"{'6B+': 3, '6C': 3, '6C+': 4, '7A': 5, '7A+': 4, '7B': 2, '7B+': 0, '7C': 0, '7C+': 0, '8A': 0, '8A+': 0, '8B': 0}",white,0,1,0,0 or 1
15,B9,"{'6B+': 3, '6C': 0, '6C+': 3, '7A': 2, '7A+': 0, '7B': 5, '7B+': 0, '7C': 1, '7C+': 1, '8A': 0, '8A+': 0, '8B': 0}",white,0,1,0,1 or 2
16,B10,"{'6B+': 2, '6C': 5, '6C+': 1, '7A': 2, '7A+': 1, '7B': 0, '7B+': 0, '7C': 0, '7C+': 1, '8A': 0, '8A+': 0, '8B': 0}",black,1,0,0,2
17,B11,"{'6B+': 9, '6C': 1, '6C+': 5, '7A': 2, '7A+': 0, '7B': 2, '7B+': 0, '7C': 1, '7C+': 0, '8A': 0, '8A+': 0, '8B': 0}",white,0,1,0,1 or 2
18,B12,"{'6B+': 0, '6C': 0, '6C+': 1, '7A': 1, '7A+': 4, '7B': 1, '7B+': 1, '7C': 1, '7C+': 1, '8A': 0, '8A+': 0, '8B': 0}",black,1,0,0,0 or 1
19,B13,"{'6B+': 1, '6C': 1, '6C+': 0, '7A': 1, '7A+': 1, '7B': 0, '7B+': 1, '7C': 1, '7C+': 1, '8A': 0, '8A+': 0, '8B': 0}",white,0,1,0,0 or 1
20,B15,"{'6B+': 2, '6C': 1, '6C+': 1, '7A': 1, '7A+': 3, '7B': 2, '7B+': 0, '7C': 0, '7C+': 1, '8A': 0, '8A+': 0, '8B': 0}",black,1,0,0,0 or 1
21,B16,"{'6B+': 2, '6C': 4, '6C+': 4, '7A': 2, '7A+': 3, '7B': 0, '7B+': 1, '7C': 0, '7C+': 1, '8A': 0, '8A+': 0, '8B': 0}",white,0,1,0,0 or 1
22,B18,"{'6B+': 5, '6C': 4, '6C+': 1, '7A': 1, '7A+': 2, '7B': 3, '7B+': 0, '7C': 0, '7C+': 1, '8A': 0, '8A+': 0, '8B': 0}",white,0,1,0,2
23,C5,"{'6B+': 2, '6C': 6, '6C+': 3, '7A': 5, '7A+': 9, '7B': 4, '7B+': 2, '7C': 6, '7C+': 1, '8A': 0, '8A+': 0, '8B': 0}",black,1,0,0,0 or 1
24,C6,"{'6B+': 0, '6C': 0, '6C+': 0, '7A': 0, '7A+': 0, '7B': 0, '7B+': 0, '7C': 1, '7C+': 0, '8A': 0, '8A+': 0, '8B': 0}",white,0,1,0,0 or 1
25,C7,"{'6B+': 5, '6C': 1, '6C+': 2, '7A': 4, '7A+': 4, '7B': 4, '7B+': 2, '7C': 1, '7C+': 0, '8A': 0, '8A+': 0, '8B': 0}",yellow,0,0,1,2
26,C8,"{'6B+': 0, '6C': 2, '6C+': 0, '7A': 2, '7A+': 4, '7B': 1, '7B+': 1, '7C': 1, '7C+': 0, '8A': 0, '8A+': 0, '8B': 0}",black,1,0,0,0 or 1
27,C9,"{'6B+': 0, '6C': 0, '6C+': 1, '7A': 0, '7A+': 5, '7B': 1, '7B+': 2, '7C': 2, '7C+': 2, '8A': 0, '8A+': 0, '8B': 0}",yellow,0,0,1,0 or 1
28,C10,"{'6B+': 7, '6C': 6, '6C+': 5, '7A': 4, '7A+': 9, '7B': 6, '7B+': 0, '7C': 1, '7C+': 0, '8A': 0, '8A+': 0, '8B': 0}",white,0,1,0,1 or 2
29,C11,"{'6B+': 0, '6C': 0, '6C+': 1, '7A': 1, '7A+': 0, '7B': 2, '7B+': 1, '7C': 0, '7C+': 1, '8A': 0, '8A+': 0, '8B': 0}",white,0,1,0,0 or 1
30,C12,"{'6B+': 1, '6C': 1, '6C+': 0, '7A': 4, '7A+': 3, '7B': 1, '7B+': 1, '7C': 0, '7C+': 0, '8A': 2, '8A+': 0, '8B': 0}",yellow,0,0,1,0 or 1
31,C13,"{'6B+': 10, '6C': 8, '6C+': 3, '7A': 3, '7A+': 8, '7B': 3, '7B+': 2, '7C': 2, '7C+': 0, '8A': 0, '8A+': 0, '8B': 0}",black,1,0,0,2
32,C14,"{'6B+': 2, '6C': 1, '6C+': 1, '7A': 0, '7A+': 3, '7B': 2, '7B+': 1, '7C': 2, '7C+': 2, '8A': 0, '8A+': 0, '8B': 0}",white,0,1,0,0 or 1
33,C15,"{'6B+': 2, '6C': 0, '6C+': 1, '7A': 2, '7A+': 2, '7B': 4, '7B+': 1, '7C': 4, '7C+': 3, '8A': 0, '8A+': 0, '8B': 0}",yellow,0,0,1,2
34,C16,"{'6B+': 0, '6C': 0, '6C+': 0, '7A': 0, '7A+': 0, '7B': 0, '7B+': 0, '7C': 1, '7C+': 0, '8A': 0, '8A+': 0, '8B': 0}",black,1,0,0,0 or 1
35,C18,"{'6B+': 1, '6C': 0, '6C+': 1, '7A': 4, '7A+': 5, '7B': 9, '7B+': 3, '7C': 3, '7C+': 3, '8A': 2, '8A+': 1, '8B': 0}",yellow,0,0,1,2
36,D3,"{'6B+': 0, '6C': 0, '6C+': 1, '7A': 6, '7A+': 6, '7B': 2, '7B+': 1, '7C': 4, '7C+': 3, '8A': 2, '8A+': 1, '8B': 0}",yellow,0,0,1,0 or 1
37,D5,"{'6B+': 1, '6C': 1, '6C+': 1, '7A': 1, '7A+': 0, '7B': 2, '7B+': 2, '7C': 3, '7C+': 2, '8A': 0, '8A+': 0, '8B': 0}",white,0,1,0,0 or 1
38,D6,"{'6B+': 1, '6C': 1, '6C+': 1, '7A': 1, '7A+': 0, '7B': 5, '7B+': 1, '7C': 5, '7C+': 2, '8A': 3, '8A+': 0, '8B': 0}",yellow,0,0,1,0 or 1
39,D7,"{'6B+': 0, '6C': 0, '6C+': 0, '7A': 0, '7A+': 0, '7B': 0, '7B+': 0, '7C': 1, '7C+': 1, '8A': 0, '8A+': 0, '8B': 0}",black,1,0,0,0 or 1
40,D8,"{'6B+': 0, '6C': 0, '6C+': 0, '7A': 1, '7A+': 1, '7B': 1, '7B+': 1, '7C': 0, '7C+': 5, '8A': 0, '8A+': 0, '8B': 0}",yellow,0,0,1,0 or 1
41,D9,"{'6B+': 5, '6C': 1, '6C+': 1, '7A': 2, '7A+': 4, '7B': 1, '7B+': 0, '7C': 1, '7C+': 0, '8A': 0, '8A+': 0, '8B': 0}",white,0,1,0,0 or 1
42,D10,"{'6B+': 3, '6C': 2, '6C+': 1, '7A': 5, '7A+': 6, '7B': 5, '7B+': 1, '7C': 5, '7C+': 3, '8A': 1, '8A+': 1, '8B': 0}",yellow,0,0,1,2
43,D11,"{'6B+': 1, '6C': 2, '6C+': 2, '7A': 1, '7A+': 3, '7B': 0, '7B+': 0, '7C': 1, '7C+': 1, '8A': 0, '8A+': 0, '8B': 0}",black,1,0,0,1
44,D12,"{'6B+': 6, '6C': 3, '6C+': 3, '7A': 1, '7A+': 1, '7B': 0, '7B+': 1, '7C': 0, '7C+': 0, '8A': 0, '8A+': 0, '8B': 0}",white,0,1,0,1 or 2
45,D13,"{'6B+': 0, '6C': 0, '6C+': 1, '7A': 3, '7A+': 1, '7B': 1, '7B+': 1, '7C': 0, '7C+': 3, '8A': 2, '8A+': 0, '8B': 0}",yellow,0,0,1,1 or 2
46,D14,"{'6B+': 0, '6C': 0, '6C+': 0, '7A': 1, '7A+': 0, '7B': 0, '7B+': 0, '7C': 0, '7C+': 0, '8A': 0, '8A+': 0, '8B': 0}",white,0,1,0,0 or 1
47,D15,"{'6B+': 6, '6C': 4, '6C+': 6, '7A': 8, '7A+': 5, '7B': 5, '7B+': 2, '7C': 2, '7C+': 1, '8A': 1, '8A+': 0, '8B': 0}",black,1,0,0,1 or 2
48,D16,"{'6B+': 0, '6C': 0, '6C+': 1, '7A': 2, '7A+': 6, '7B': 2, '7B+': 1, '7C': 2, '7C+': 1, '8A': 0, '8A+': 0, '8B': 0}",yellow,0,0,1,0 or 1
49,D17,"{'6B+': 5, '6C': 3, '6C+': 6, '7A': 3, '7A+': 4, '7B': 1, '7B+': 0, '7C': 0, '7C+': 1, '8A': 0, '8A+': 0, '8B': 0}",white,0,1,0,0 or 1
50,D18,"{'6B+': 16, '6C': 14, '6C+': 9, '7A': 18, '7A+': 18, '7B': 7, '7B+': 4, '7C': 9, '7C+': 1, '8A': 1, '8A+': 0, '8B': 0}",black,1,0,0,2
51,E6,"{'6B+': 6, '6C': 7, '6C+': 6, '7A': 6, '7A+': 10, '7B': 4, '7B+': 1, '7C': 1, '7C+': 0, '8A': 2, '8A+': 0, '8B': 0}",black,1,0,0,0
52,E7,"{'6B+': 1, '6C': 4, '6C+': 2, '7A': 3, '7A+': 4, '7B': 5, '7B+': 0, '7C': 0, '7C+': 1, '8A': 1, '8A+': 0, '8B': 0}",white,0,1,0,2
53,E8,"{'6B+': 20, '6C': 14, '6C+': 6, '7A': 10, '7A+': 8, '7B': 2, '7B+': 1, '7C': 0, '7C+': 1, '8A': 0, '8A+': 0, '8B': 0}",black,1,0,0,0 or 1
54,E9,"{'6B+': 0, '6C': 0, '6C+': 1, '7A': 1, '7A+': 5, '7B': 3, '7B+': 3, '7C': 5, '7C+': 2, '8A': 0, '8A+': 0, '8B': 0}",black,1,0,0,0 or 1
55,E10,"{'6B+': 7, '6C': 5, '6C+': 7, '7A': 5, '7A+': 3, '7B': 2, '7B+': 1, '7C': 2, '7C+': 1, '8A': 0, '8A+': 0, '8B': 0}",white,0,1,0,0 or 1
56,E11,"{'6B+': 1, '6C': 3, '6C+': 2, '7A': 1, '7A+': 4, '7B': 1, '7B+': 0, '7C': 2, '7C+': 0, '8A': 0, '8A+': 0, '8B': 0}",white,0,1,0,0 or 1
57,E12,"{'6B+': 10, '6C': 14, '6C+': 10, '7A': 8, '7A+': 5, '7B': 6, '7B+': 2, '7C': 0, '7C+': 1, '8A': 0, '8A+': 0, '8B': 0}",black,1,0,0,0 or 1
58,E13,"{'6B+': 17, '6C': 6, '6C+': 4, '7A': 8, '7A+': 5, '7B': 0, '7B+': 1, '7C': 0, '7C+': 2, '8A': 0, '8A+': 0, '8B': 0}",white,0,1,0,0 or 1
59,E14,"{'6B+': 0, '6C': 6, '6C+': 5, '7A': 4, '7A+': 5, '7B': 2, '7B+': 2, '7C': 1, '7C+': 0, '8A': 0, '8A+': 0, '8B': 1}",black,1,0,0,1 or 2
60,E15,"{'6B+': 19, '6C': 12, '6C+': 6, '7A': 5, '7A+': 4, '7B': 2, '7B+': 0, '7C': 0, '7C+': 0, '8A': 0, '8A+': 0, '8B': 0}",white,0,1,0,2
61,E16,"{'6B+': 6, '6C': 5, '6C+': 3, '7A': 9, '7A+': 6, '7B': 1, '7B+': 1, '7C': 2, '7C+': 0, '8A': 1, '8A+': 0, '8B': 0}",black,1,0,0,1 or 2
62,E18,"{'6B+': 12, '6C': 13, '6C+': 12, '7A': 11, '7A+': 7, '7B': 6, '7B+': 4, '7C': 1, '7C+': 1, '8A': 0, '8A+': 0, '8B': 0}",white,0,1,0,1 or 2
63,F5,"{'6B+': 36, '6C': 22, '6C+': 8, '7A': 7, '7A+': 11, '7B': 7, '7B+': 1, '7C': 1, '7C+': 1, '8A': 0, '8A+': 0, '8B': 0}",white,0,1,0,2
64,F6,"{'6B+': 0, '6C': 0, '6C+': 0, '7A': 0, '7A+': 0, '7B': 1, '7B+': 1, '7C': 2, '7C+': 1, '8A': 2, '8A+': 0, '8B': 0}",yellow,0,0,1,0 or 1
65,F7,"{'6B+': 1, '6C': 3, '6C+': 4, '7A': 3, '7A+': 3, '7B': 7, '7B+': 1, '7C': 0, '7C+': 1, '8A': 0, '8A+': 0, '8B': 0}",white,0,1,0,0 or 1
66,F8,"{'6B+': 0, '6C': 0, '6C+': 0, '7A': 0, '7A+': 0, '7B': 0, '7B+': 0, '7C': 2, '7C+': 1, '8A': 3, '8A+': 0, '8B': 0}",yellow,0,0,1,0 or 1
67,F9,"{'6B+': 1, '6C': 1, '6C+': 3, '7A': 3, '7A+': 0, '7B': 1, '7B+': 2, '7C': 2, '7C+': 2, '8A': 1, '8A+': 0, '8B': 0}",yellow,0,0,1,0 or 1
68,F10,"{'6B+': 3, '6C': 3, '6C+': 5, '7A': 4, '7A+': 9, '7B': 2, '7B+': 1, '7C': 1, '7C+': 5, '8A': 1, '8A+': 0, '8B': 0}",white,0,1,0,0 or 1
69,F11,"{'6B+': 10, '6C': 7, '6C+': 6, '7A': 6, '7A+': 12, '7B': 4, '7B+': 3, '7C': 1, '7C+': 0, '8A': 0, '8A+': 0, '8B': 0}",black,1,0,0,1
70,F12,"{'6B+': 1, '6C': 0, '6C+': 1, '7A': 3, '7A+': 3, '7B': 1, '7B+': 1, '7C': 2, '7C+': 1, '8A': 1, '8A+': 0, '8B': 0}",white,0,1,0,0 or 1
71,F13,"{'6B+': 2, '6C': 1, '6C+': 2, '7A': 8, '7A+': 4, '7B': 9, '7B+': 5, '7C': 4, '7C+': 0, '8A': 0, '8A+': 0, '8B': 0}",black,1,0,0,0 or 1
72,F14,"{'6B+': 13, '6C': 15, '6C+': 10, '7A': 2, '7A+': 7, '7B': 4, '7B+': 0, '7C': 0, '7C+': 1, '8A': 0, '8A+': 0, '8B': 0}",white,0,1,0,2
73,F15,"{'6B+': 3, '6C': 1, '6C+': 1, '7A': 5, '7A+': 9, '7B': 3, '7B+': 4, '7C': 2, '7C+': 1, '8A': 2, '8A+': 0, '8B': 0}",yellow,0,0,1,0 or 1
74,F16,"{'6B+': 0, '6C': 0, '6C+': 0, '7A': 0, '7A+': 1, '7B': 0, '7B+': 1, '7C': 0, '7C+': 0, '8A': 1, '8A+': 0, '8B': 0}",white,0,1,0,0 or 1
75,G2,"{'6B+': 5, '6C': 3, '6C+': 3, '7A': 3, '7A+': 7, '7B': 5, '7B+': 1, '7C': 2, '7C+': 3, '8A': 2, '8A+': 0, '8B': 0}",white,0,1,0,2
76,G4,"{'6B+': 4, '6C': 4, '6C+': 5, '7A': 5, '7A+': 5, '7B': 9, '7B+': 1, '7C': 3, '7C+': 0, '8A': 0, '8A+': 0, '8B': 0}",black,1,0,0,0 or 1
77,G6,"{'6B+': 1, '6C': 5, '6C+': 2, '7A': 0, '7A+': 1, '7B': 1, '7B+': 3, '7C': 1, '7C+': 1, '8A': 0, '8A+': 0, '8B': 0}",black,1,0,0,0 or 1
78,G7,"{'6B+': 0, '6C': 0, '6C+': 0, '7A': 0, '7A+': 2, '7B': 1, '7B+': 1, '7C': 4, '7C+': 1, '8A': 1, '8A+': 1, '8B': 0}",yellow,0,0,1,0 or 1
79,G8,"{'6B+': 5, '6C': 3, '6C+': 3, '7A': 4, '7A+': 2, '7B': 1, '7B+': 0, '7C': 1, '7C+': 1, '8A': 0, '8A+': 0, '8B': 0}",white,0,1,0,0
80,G9,"{'6B+': 6, '6C': 9, '6C+': 10, '7A': 6, '7A+': 3, '7B': 4, '7B+': 0, '7C': 0, '7C+': 0, '8A': 0, '8A+': 0, '8B': 0}",black,1,0,0,2
81,G10,"{'6B+': 0, '6C': 0, '6C+': 1, '7A': 0, '7A+': 0, '7B': 0, '7B+': 0, '7C': 2, '7C+': 0, '8A': 0, '8A+': 0, '8B': 0}",black,1,0,0,0 or 1
82,G11,"{'6B+': 0, '6C': 0, '6C+': 0, '7A': 3, '7A+': 1, '7B': 5, '7B+': 3, '7C': 5, '7C+': 4, '8A': 1, '8A+': 0, '8B': 0}",yellow,0,0,1,0 or 1
83,G12,"{'6B+': 0, '6C': 0, '6C+': 1, '7A': 0, '7A+': 1, '7B': 1, '7B+': 1, '7C': 0, '7C+': 0, '8A': 0, '8A+': 0, '8B': 0}",white,0,1,0,1 or 2
84,G13,"{'6B+': 13, '6C': 3, '6C+': 0, '7A': 3, '7A+': 1, '7B': 2, '7B+': 0, '7C': 0, '7C+': 0, '8A': 0, '8A+': 0, '8B': 0}",white,0,1,0,2
85,G14,"{'6B+': 6, '6C': 1, '6C+': 2, '7A': 4, '7A+': 6, '7B': 4, '7B+': 3, '7C': 4, '7C+': 1, '8A': 1, '8A+': 0, '8B': 0}",black,1,0,0,1 or 2
86,G15,"{'6B+': 2, '6C': 5, '6C+': 7, '7A': 5, '7A+': 2, '7B': 4, '7B+': 4, '7C': 0, '7C+': 0, '8A': 0, '8A+': 0, '8B': 0}",black,1,0,0,0 or 1
87,G16,"{'6B+': 0, '6C': 0, '6C+': 0, '7A': 1, '7A+': 0, '7B': 0, '7B+': 0, '7C': 1, '7C+': 3, '8A': 2, '8A+': 0, '8B': 0}",yellow,0,0,1,0 or 1
88,G17,"{'6B+': 2, '6C': 4, '6C+': 2, '7A': 6, '7A+': 4, '7B': 4, '7B+': 1, '7C': 1, '7C+': 2, '8A': 0, '8A+': 0, '8B': 0}",black,1,0,0,0 or 1
89,G18,"{'6B+': 15, '6C': 11, '6C+': 9, '7A': 9, '7A+': 12, '7B': 7, '7B+': 2, '7C': 3, '7C+': 2, '8A': 0, '8A+': 0, '8B': 0}",white,0,1,0,2
90,H5,"{'6B+': 4, '6C': 4, '6C+': 9, '7A': 10, '7A+': 14, '7B': 4, '7B+': 2, '7C': 3, '7C+': 0, '8A': 0, '8A+': 0, '8B': 0}",black,1,0,0,0 or 1
91,H7,"{'6B+': 0, '6C': 0, '6C+': 0, '7A': 0, '7A+': 0, '7B': 1, '7B+': 2, '7C': 2, '7C+': 1, '8A': 1, '8A+': 0, '8B': 0}",yellow,0,0,1,0 or 1
92,H8,"{'6B+': 3, '6C': 3, '6C+': 3, '7A': 4, '7A+': 6, '7B': 5, '7B+': 1, '7C': 2, '7C+': 0, '8A': 1, '8A+': 0, '8B': 0}",black,1,0,0,1 or 2
93,H9,"{'6B+': 1, '6C': 1, '6C+': 2, '7A': 4, '7A+': 4, '7B': 2, '7B+': 2, '7C': 2, '7C+': 1, '8A': 1, '8A+': 0, '8B': 0}",yellow,0,0,1,2
94,H10,"{'6B+': 10, '6C': 8, '6C+': 6, '7A': 2, '7A+': 6, '7B': 0, '7B+': 1, '7C': 0, '7C+': 0, '8A': 0, '8A+': 0, '8B': 0}",black,1,0,0,2
95,H11,"{'6B+': 8, '6C': 7, '6C+': 6, '7A': 6, '7A+': 3, '7B': 2, '7B+': 1, '7C': 1, '7C+': 1, '8A': 0, '8A+': 0, '8B': 0}",white,0,1,0,1 or 2
96,H12,"{'6B+': 2, '6C': 3, '6C+': 3, '7A': 4, '7A+': 9, '7B': 9, '7B+': 1, '7C': 3, '7C+': 4, '8A': 0, '8A+': 0, '8B': 0}",black,1,0,0,0
97,H13,"{'6B+': 0, '6C': 0, '6C+': 0, '7A': 0, '7A+': 0, '7B': 0, '7B+': 0, '7C': 0, '7C+': 0, '8A': 0, '8A+': 0, '8B': 0}",black,1,0,0,2
98,H14,"{'6B+': 1, '6C': 1, '6C+': 2, '7A': 3, '7A+': 6, '7B': 5, '7B+': 1, '7C': 3, '7C+': 3, '8A': 0, '8A+': 2, '8B': 0}",yellow,0,0,1,2
99,H15,"{'6B+': 0, '6C': 0, '6C+': 0, '7A': 0, '7A+': 0, '7B': 1, '7B+': 0, '7C': 2, '7C+': 0, '8A': 2, '8A+': 1, '8B': 0}",yellow,0,0,1,0 or 1
100,H16,"{'6B+': 7, '6C': 5, '6C+': 4, '7A': 5, '7A+': 3, '7B': 3, '7B+': 0, '7C': 0, '7C+': 0, '8A': 0, '8A+': 0, '8B': 0}",black,1,0,0,0 or 1
101,H18,"{'6B+': 0, '6C': 0, '6C+': 4, '7A': 1, '7A+': 4, '7B': 3, '7B+': 2, '7C': 5, '7C+': 6, '8A': 3, '8A+': 0, '8B': 1}",yellow,0,0,1,0 or 1
102,I4,"{'6B+': 1, '6C': 1, '6C+': 1, '7A': 2, '7A+': 3, '7B': 0, '7B+': 2, '7C': 4, '7C+': 2, '8A': 1, '8A+': 0, '8B': 0}",white,0,1,0,0 or 1
103,I5,"{'6B+': 1, '6C': 2, '6C+': 4, '7A': 5, '7A+': 3, '7B': 2, '7B+': 4, '7C': 3, '7C+': 2, '8A': 0, '8A+': 0, '8B': 0}",yellow,0,0,1,2
104,I6,"{'6B+': 3, '6C': 1, '6C+': 1, '7A': 0, '7A+': 1, '7B': 0, '7B+': 0, '7C': 5, '7C+': 2, '8A': 0, '8A+': 0, '8B': 0}",white,0,1,0,0 or 1
105,I7,"{'6B+': 0, '6C': 0, '6C+': 2, '7A': 0, '7A+': 0, '7B': 0, '7B+': 0, '7C': 0, '7C+': 0, '8A': 0, '8A+': 0, '8B': 0}",black,1,0,0,0 or 1
106,I8,"{'6B+': 0, '6C': 1, '6C+': 0, '7A': 0, '7A+': 1, '7B': 1, '7B+': 0, '7C': 2, '7C+': 0, '8A': 3, '8A+': 1, '8B': 0}",yellow,0,0,1,0 or 1
107,I9,"{'6B+': 0, '6C': 0, '6C+': 1, '7A': 0, '7A+': 2, '7B': 1, '7B+': 3, '7C': 3, '7C+': 3, '8A': 0, '8A+': 0, '8B': 1}",black,1,0,0,1 or 2
108,I10,"{'6B+': 7, '6C': 7, '6C+': 1, '7A': 4, '7A+': 3, '7B': 2, '7B+': 0, '7C': 0, '7C+': 0, '8A': 0, '8A+': 0, '8B': 0}",black,1,0,0,1 or 2
109,I11,"{'6B+': 3, '6C': 6, '6C+': 3, '7A': 1, '7A+': 1, '7B': 1, '7B+': 0, '7C': 0, '7C+': 1, '8A': 0, '8A+': 0, '8B': 0}",white,0,1,0,1 or 2
110,I12,"{'6B+': 0, '6C': 4, '6C+': 7, '7A': 3, '7A+': 2, '7B': 2, '7B+': 0, '7C': 2, '7C+': 0, '8A': 0, '8A+': 0, '8B': 0}",yellow,0,0,1,2
111,I13,"{'6B+': 1, '6C': 5, '6C+': 2, '7A': 4, '7A+': 0, '7B': 4, '7B+': 1, '7C': 0, '7C+': 1, '8A': 0, '8A+': 0, '8B': 0}",white,0,1,0,0
112,I14,"{'6B+': 9, '6C': 11, '6C+': 4, '7A': 6, '7A+': 6, '7B': 3, '7B+': 1, '7C': 1, '7C+': 0, '8A': 1, '8A+': 0, '8B': 0}",black,1,0,0,2
113,I15,"{'6B+': 0, '6C': 0, '6C+': 1, '7A': 1, '7A+': 3, '7B': 2, '7B+': 0, '7C': 2, '7C+': 5, '8A': 1, '8A+': 0, '8B': 0}",black,1,0,0,0
114,I16,"{'6B+': 7, '6C': 7, '6C+': 1, '7A': 2, '7A+': 2, '7B': 0, '7B+': 0, '7C': 0, '7C+': 0, '8A': 0, '8A+': 0, '8B': 0}",white,0,1,0,0 or 1
115,I18,"{'6B+': 9, '6C': 11, '6C+': 9, '7A': 4, '7A+': 9, '7B': 5, '7B+': 4, '7C': 5, '7C+': 5, '8A': 1, '8A+': 0, '8B': 0}",black,1,0,0,2
116,J2,"{'6B+': 1, '6C': 0, '6C+': 2, '7A': 1, '7A+': 4, '7B': 2, '7B+': 2, '7C': 4, '7C+': 3, '8A': 0, '8A+': 0, '8B': 0}",white,0,1,0,2
117,J5,"{'6B+': 5, '6C': 10, '6C+': 7, '7A': 11, '7A+': 6, '7B': 4, '7B+': 4, '7C': 1, '7C+': 3, '8A': 1, '8A+': 0, '8B': 1}",black,1,0,0,0 or 1
118,J6,"{'6B+': 0, '6C': 0, '6C+': 0, '7A': 1, '7A+': 0, '7B': 0, '7B+': 1, '7C': 0, '7C+': 0, '8A': 1, '8A+': 0, '8B': 0}",white,0,1,0,0 or 1
119,J7,"{'6B+': 1, '6C': 2, '6C+': 2, '7A': 2, '7A+': 1, '7B': 1, '7B+': 0, '7C': 0, '7C+': 0, '8A': 0, '8A+': 0, '8B': 0}",black,1,0,0,1 or 2
120,J8,"{'6B+': 17, '6C': 12, '6C+': 6, '7A': 6, '7A+': 7, '7B': 2, '7B+': 0, '7C': 0, '7C+': 0, '8A': 0, '8A+': 0, '8B': 0}",white,0,1,0,2
121,J9,"{'6B+': 0, '6C': 2, '6C+': 1, '7A': 1, '7A+': 1, '7B': 0, '7B+': 1, '7C': 0, '7C+': 0, '8A': 0, '8A+': 0, '8B': 0}",white,0,1,0,0 or 1
122,J10,"{'6B+': 0, '6C': 1, '6C+': 0, '7A': 0, '7A+': 6, '7B': 2, '7B+': 3, '7C': 2, '7C+': 1, '8A': 0, '8A+': 0, '8B': 0}",white,0,1,0,0 or 1
123,J11,"{'6B+': 0, '6C': 0, '6C+': 0, '7A': 0, '7A+': 0, '7B': 0, '7B+': 0, '7C': 2, '7C+': 0, '8A': 0, '8A+': 0, '8B': 0}",yellow,0,0,1,0 or 1
124,J12,"{'6B+': 1, '6C': 0, '6C+': 0, '7A': 1, '7A+': 0, '7B': 0, '7B+': 0, '7C': 1, '7C+': 1, '8A': 1, '8A+': 0, '8B': 0}",black,1,0,0,0 or 1
125,J13,"{'6B+': 4, '6C': 2, '6C+': 1, '7A': 3, '7A+': 1, '7B': 0, '7B+': 0, '7C': 0, '7C+': 0, '8A': 0, '8A+': 0, '8B': 0}",black,1,0,0,1 or 2
126,J14,"{'6B+': 0, '6C': 1, '6C+': 0, '7A': 0, '7A+': 0, '7B': 0, '7B+': 0, '7C': 7, '7C+': 3, '8A': 0, '8A+': 0, '8B': 0}",yellow,0,0,1,0 or 1
127,J16,"{'6B+': 0, '6C': 0, '6C+': 3, '7A': 0, '7A+': 1, '7B': 2, '7B+': 0, '7C': 0, '7C+': 0, '8A': 0, '8A+': 0, '8B': 0}",black,1,0,0,0 or 1
128,K5,"{'6B+': 12, '6C': 17, '6C+': 9, '7A': 4, '7A+': 5, '7B': 3, '7B+': 1, '7C': 1, '7C+': 1, '8A': 1, '8A+': 0, '8B': 0}",white,0,1,0,1 or 2
129,K6,"{'6B+': 0, '6C': 1, '6C+': 0, '7A': 0, '7A+': 0, '7B': 0, '7B+': 1, '7C': 0, '7C+': 1, '8A': 1, '8A+': 1, '8B': 0}",yellow,0,0,1,0 or 1
130,K7,"{'6B+': 1, '6C': 1, '6C+': 0, '7A': 0, '7A+': 1, '7B': 1, '7B+': 0, '7C': 2, '7C+': 1, '8A': 0, '8A+': 1, '8B': 0}",yellow,0,0,1,0 or 1
131,K8,"{'6B+': 1, '6C': 0, '6C+': 0, '7A': 2, '7A+': 1, '7B': 2, '7B+': 1, '7C': 0, '7C+': 1, '8A': 1, '8A+': 0, '8B': 0}",yellow,0,0,1,0 or 1
132,K9,"{'6B+': 1, '6C': 2, '6C+': 1, '7A': 4, '7A+': 4, '7B': 0, '7B+': 0, '7C': 0, '7C+': 0, '8A': 0, '8A+': 0, '8B': 0}",black,1,0,0,1 or 2
133,K10,"{'6B+': 0, '6C': 0, '6C+': 0, '7A': 0, '7A+': 1, '7B': 1, '7B+': 0, '7C': 3, '7C+': 1, '8A': 1, '8A+': 0, '8B': 0}",yellow,0,0,1,0 or 1
134,K11,"{'6B+': 1, '6C': 3, '6C+': 1, '7A': 1, '7A+': 2, '7B': 0, '7B+': 1, '7C': 0, '7C+': 1, '8A': 0, '8A+': 0, '8B': 0}",white,0,1,0,0 or 1
135,K12,"{'6B+': 1, '6C': 1, '6C+': 0, '7A': 0, '7A+': 1, '7B': 0, '7B+': 0, '7C': 3, '7C+': 1, '8A': 1, '8A+': 1, '8B': 0}",yellow,0,0,1,0 or 1
136,K13,"{'6B+': 0, '6C': 0, '6C+': 0, '7A': 0, '7A+': 0, '7B': 0, '7B+': 0, '7C': 0, '7C+': 0, '8A': 1, '8A+': 0, '8B': 0}",yellow,0,0,1,1 or 2
137,K14,"{'6B+': 0, '6C': 1, '6C+': 2, '7A': 0, '7A+': 2, '7B': 0, '7B+': 0, '7C': 0, '7C+': 0, '8A': 0, '8A+': 0, '8B': 0}",black,1,0,0,0 or 1
138,K16,"{'6B+': 1, '6C': 1, '6C+': 0, '7A': 0, '7A+': 1, '7B': 0, '7B+': 0, '7C': 0, '7C+': 0, '8A': 0, '8A+': 0, '8B': 0}",black,1,0,0,1 or 2
139,K18,"{'6B+': 5, '6C': 5, '6C+': 4, '7A': 4, '7A+': 6, '7B': 3, '7B+': 3, '7C': 4, '7C+': 5, '8A': 1, '8A+': 0, '8B': 0}",white,0,1,0,2
